{"cameraMode":{"drawMode":0,"name":"Shaded","section":"Shading Mode"},"sceneLighting":true,"audioPlay":false,"sceneViewState":{"showFog":true,"showMaterialUpdate":false,"showSkybox":true,"showFlares":true,"showImageEffects":true,"showParticleSystems":true},"in2DMode":false,"pivot":{"x":2.77200984954834,"y":-2.029414653778076,"z":-12.900766372680664},"rotation":{"x":-0.01599629782140255,"y":-0.983738362789154,"z":0.13755106925964356,"w":-0.11437950283288956},"size":21.168804168701173,"orthographic":false}