{"cameraMode":{"drawMode":0,"name":"Shaded","section":"Shading Mode"},"sceneLighting":false,"audioPlay":false,"sceneViewState":{"showFog":true,"showMaterialUpdate":false,"showSkybox":true,"showFlares":true,"showImageEffects":true,"showParticleSystems":true},"in2DMode":false,"pivot":{"x":0.0,"y":3.8499999046325685,"z":-4.76837158203125e-7},"rotation":{"x":-0.3209504783153534,"y":0.05763427913188934,"z":-0.019573180004954339,"w":-0.9451380968093872},"size":21.891746520996095,"orthographic":false}