{"cameraMode":{"drawMode":0,"name":"Shaded","section":"Shading Mode"},"sceneLighting":true,"audioPlay":false,"sceneViewState":{"showFog":true,"showMaterialUpdate":false,"showSkybox":true,"showFlares":true,"showImageEffects":true,"showParticleSystems":true},"in2DMode":false,"pivot":{"x":86.04000091552735,"y":1.2000000476837159,"z":-32.79999923706055},"rotation":{"x":0.35624414682388308,"y":-0.07328271865844727,"z":0.028042027726769449,"w":0.9310926198959351},"size":17.38570785522461,"orthographic":false}