{"cameraMode":{"drawMode":0,"name":"Shaded","section":"Shading Mode"},"sceneLighting":true,"audioPlay":false,"sceneViewState":{"showFog":true,"showMaterialUpdate":false,"showSkybox":true,"showFlares":true,"showImageEffects":true,"showParticleSystems":true},"in2DMode":false,"pivot":{"x":20.519283294677736,"y":0.5789880752563477,"z":-29.842544555664064},"rotation":{"x":0.003990091849118471,"y":0.9730782508850098,"z":-0.22982186079025269,"w":0.016876649111509324},"size":7.204699993133545,"orthographic":false}