{"cameraMode":{"drawMode":0,"name":"Shaded","section":"Shading Mode"},"sceneLighting":true,"audioPlay":false,"sceneViewState":{"showFog":true,"showMaterialUpdate":false,"showSkybox":true,"showFlares":true,"showImageEffects":true,"showParticleSystems":true},"in2DMode":false,"pivot":{"x":23.255836486816408,"y":0.15717267990112306,"z":-21.604782104492189},"rotation":{"x":-0.06980562955141068,"y":0.6600512862205505,"z":-0.06181835010647774,"w":-0.7454112768173218},"size":19.878210067749025,"orthographic":false}