{"cameraMode":{"drawMode":0,"name":"Shaded","section":"Shading Mode"},"sceneLighting":false,"audioPlay":false,"sceneViewState":{"showFog":true,"showMaterialUpdate":false,"showSkybox":true,"showFlares":true,"showImageEffects":true,"showParticleSystems":true},"in2DMode":false,"pivot":{"x":2.486692190170288,"y":0.3967708945274353,"z":-2.4196300506591799},"rotation":{"x":-0.0030230963602662088,"y":-0.9958675503730774,"z":0.08327331393957138,"w":-0.036114830523729327},"size":3.7514379024505617,"orthographic":false}