{"cameraMode":{"drawMode":0,"name":"Shaded","section":"Shading Mode"},"sceneLighting":true,"audioPlay":false,"sceneViewState":{"showFog":true,"showMaterialUpdate":false,"showSkybox":true,"showFlares":true,"showImageEffects":true,"showParticleSystems":true},"in2DMode":false,"pivot":{"x":34.43626022338867,"y":1.378589153289795,"z":-41.50730514526367},"rotation":{"x":-0.17294912040233613,"y":-0.7618407011032105,"z":0.2264927327632904,"w":-0.5817115902900696},"size":8.779072761535645,"orthographic":false}
