{"cameraMode":{"drawMode":0,"name":"Shaded","section":"Shading Mode"},"sceneLighting":true,"audioPlay":false,"sceneViewState":{"showFog":true,"showMaterialUpdate":false,"showSkybox":true,"showFlares":true,"showImageEffects":true,"showParticleSystems":true},"in2DMode":false,"pivot":{"x":80.740478515625,"y":-52.769195556640628,"z":41.61647415161133},"rotation":{"x":0.32192257046699526,"y":-0.0278029702603817,"z":0.009458097629249096,"w":0.9463104009628296},"size":101.88465881347656,"orthographic":false}