{"cameraMode":{"drawMode":0,"name":"Shaded","section":"Shading Mode"},"sceneLighting":true,"audioPlay":false,"sceneViewState":{"showFog":true,"showMaterialUpdate":false,"showSkybox":true,"showFlares":true,"showImageEffects":true,"showParticleSystems":true},"in2DMode":false,"pivot":{"x":-92.5089111328125,"y":85.77928161621094,"z":-246.5823974609375},"rotation":{"x":0.04271090030670166,"y":-0.9046726226806641,"z":0.09344463050365448,"w":0.4135351777076721},"size":834.2861328125,"orthographic":false}