{"cameraMode":{"drawMode":0,"name":"Shaded","section":"Shading Mode"},"sceneLighting":true,"audioPlay":false,"sceneViewState":{"showFog":true,"showMaterialUpdate":false,"showSkybox":true,"showFlares":true,"showImageEffects":true,"showParticleSystems":true},"in2DMode":false,"pivot":{"x":44.228302001953128,"y":4.357556343078613,"z":-19.346715927124025},"rotation":{"x":-0.04522740840911865,"y":0.5209018588066101,"z":0.02765893191099167,"w":0.8519687652587891},"size":16.956825256347658,"orthographic":false}