{"cameraMode":{"drawMode":0,"name":"Shaded","section":"Shading Mode"},"sceneLighting":true,"audioPlay":false,"sceneViewState":{"showFog":true,"showMaterialUpdate":false,"showSkybox":true,"showFlares":true,"showImageEffects":true,"showParticleSystems":true},"in2DMode":false,"pivot":{"x":-375.4568176269531,"y":-3.4784936904907228,"z":15.364851951599121},"rotation":{"x":0.5056983232498169,"y":-0.02607412450015545,"z":0.015299277380108834,"w":0.8621805906295776},"size":16.65770721435547,"orthographic":false}