{"cameraMode":{"drawMode":0,"name":"Shaded","section":"Shading Mode"},"sceneLighting":true,"audioPlay":false,"sceneViewState":{"showFog":true,"showMaterialUpdate":false,"showSkybox":true,"showFlares":true,"showImageEffects":true,"showParticleSystems":true},"in2DMode":false,"pivot":{"x":-374.8431701660156,"y":2.7461042404174806,"z":11.93985652923584},"rotation":{"x":0.6001300811767578,"y":0.07984136044979096,"z":-0.06036980077624321,"w":0.7936149835586548},"size":10.264458656311036,"orthographic":false}