{"cameraMode":{"drawMode":0,"name":"Shaded","section":"Shading Mode"},"sceneLighting":false,"audioPlay":false,"sceneViewState":{"showFog":true,"showMaterialUpdate":false,"showSkybox":true,"showFlares":true,"showImageEffects":true,"showParticleSystems":true},"in2DMode":false,"pivot":{"x":-20.41166877746582,"y":-1.1328840255737305,"z":-11.877553939819336},"rotation":{"x":-0.26867610216140749,"y":0.2362242192029953,"z":-0.06814950704574585,"w":-0.931325376033783},"size":19.14274024963379,"orthographic":false}