{"cameraMode":{"drawMode":0,"name":"Shaded","section":"Shading Mode"},"sceneLighting":true,"audioPlay":false,"sceneViewState":{"showFog":true,"showMaterialUpdate":false,"showSkybox":true,"showFlares":true,"showImageEffects":true,"showParticleSystems":true},"in2DMode":false,"pivot":{"x":11.897294998168946,"y":-2.2510828971862795,"z":-21.668865203857423},"rotation":{"x":0.1347610503435135,"y":-0.6623585224151611,"z":0.12284411489963532,"w":0.7266567349433899},"size":22.0,"orthographic":false}