{"cameraMode":{"drawMode":0,"name":"Shaded","section":"Shading Mode"},"sceneLighting":true,"audioPlay":false,"sceneViewState":{"showFog":true,"showMaterialUpdate":false,"showSkybox":true,"showFlares":true,"showImageEffects":true,"showParticleSystems":true},"in2DMode":false,"pivot":{"x":96.38953399658203,"y":-4.1910810470581059,"z":16.710744857788087},"rotation":{"x":-0.14905956387519837,"y":-0.29678136110305788,"z":0.046955447643995288,"w":-0.942070722579956},"size":30.07356834411621,"orthographic":false}