{"cameraMode":{"drawMode":0,"name":"Shaded","section":"Shading Mode"},"sceneLighting":true,"audioPlay":false,"sceneViewState":{"showFog":true,"showMaterialUpdate":false,"showSkybox":true,"showFlares":true,"showImageEffects":true,"showParticleSystems":true},"in2DMode":false,"pivot":{"x":16.754772186279298,"y":3.7093923091888429,"z":-25.778472900390626},"rotation":{"x":-0.128128319978714,"y":0.7559300661087036,"z":-0.15550798177719117,"w":-0.622872531414032},"size":7.869314670562744,"orthographic":false}