{"cameraMode":{"drawMode":0,"name":"Shaded","section":"Shading Mode"},"sceneLighting":true,"audioPlay":false,"sceneViewState":{"showFog":true,"showMaterialUpdate":false,"showSkybox":true,"showFlares":true,"showImageEffects":true,"showParticleSystems":true},"in2DMode":false,"pivot":{"x":-0.7259407043457031,"y":-16.67728614807129,"z":-20.839691162109376},"rotation":{"x":0.17671307921409608,"y":-0.745553195476532,"z":0.21794642508029939,"w":0.6045017242431641},"size":46.32889938354492,"orthographic":false}