{"cameraMode":{"drawMode":0,"name":"Shaded","section":"Shading Mode"},"sceneLighting":true,"audioPlay":false,"sceneViewState":{"showFog":true,"showMaterialUpdate":false,"showSkybox":true,"showFlares":true,"showImageEffects":true,"showParticleSystems":true},"in2DMode":false,"pivot":{"x":-0.5190000534057617,"y":1.6181280612945557,"z":-4.924892425537109},"rotation":{"x":-0.10562972724437714,"y":-0.5689740777015686,"z":0.07399684190750122,"w":-0.812179446220398},"size":5.995853900909424,"orthographic":false}