{"cameraMode":{"drawMode":0,"name":"Shaded","section":"Shading Mode"},"sceneLighting":true,"audioPlay":false,"sceneViewState":{"showFog":true,"showMaterialUpdate":false,"showSkybox":true,"showFlares":true,"showImageEffects":true,"showParticleSystems":true},"in2DMode":false,"pivot":{"x":84.4509506225586,"y":6.154529571533203,"z":-41.282962799072269},"rotation":{"x":-0.1945597529411316,"y":-0.3270964026451111,"z":0.06900662183761597,"w":-0.9221673011779785},"size":2.302055835723877,"orthographic":false}