{"cameraMode":{"drawMode":0,"name":"Shaded","section":"Shading Mode"},"sceneLighting":true,"audioPlay":false,"sceneViewState":{"showFog":true,"showMaterialUpdate":false,"showSkybox":true,"showFlares":true,"showImageEffects":true,"showParticleSystems":true},"in2DMode":false,"pivot":{"x":71.06782531738281,"y":-11.378067016601563,"z":4.591407775878906},"rotation":{"x":0.3121457099914551,"y":0.006902710068970919,"z":-0.0022626693826168777,"w":0.9500065445899963},"size":216.06573486328126,"orthographic":false}