{"cameraMode":{"drawMode":0,"name":"Shaded","section":"Shading Mode"},"sceneLighting":true,"audioPlay":false,"sceneViewState":{"showFog":true,"showMaterialUpdate":false,"showSkybox":true,"showFlares":true,"showImageEffects":true,"showParticleSystems":true},"in2DMode":false,"pivot":{"x":39.00016784667969,"y":2.2215628623962404,"z":-23.07880210876465},"rotation":{"x":-0.09313838928937912,"y":0.20976042747497559,"z":-0.020079724490642549,"w":-0.9730994701385498},"size":2.8578836917877199,"orthographic":false}