{"cameraMode":{"drawMode":0,"name":"Shaded","section":"Shading Mode"},"sceneLighting":true,"audioPlay":false,"sceneViewState":{"showFog":true,"showMaterialUpdate":false,"showSkybox":true,"showFlares":true,"showImageEffects":true,"showParticleSystems":true},"in2DMode":false,"pivot":{"x":101.4556884765625,"y":-10.581146240234375,"z":-17.258209228515626},"rotation":{"x":-0.395870566368103,"y":0.013347295112907887,"z":-0.00576176680624485,"w":-0.9181912541389465},"size":128.26638793945313,"orthographic":false}