{"cameraMode":{"drawMode":0,"name":"Shaded","section":"Shading Mode"},"sceneLighting":true,"audioPlay":false,"sceneViewState":{"showFog":true,"showMaterialUpdate":false,"showSkybox":true,"showFlares":true,"showImageEffects":true,"showParticleSystems":true},"in2DMode":false,"pivot":{"x":4.850769996643066,"y":1.2057006359100342,"z":23.460941314697267},"rotation":{"x":-0.05919630825519562,"y":-0.18811802566051484,"z":0.011359260417521,"w":-0.9802950620651245},"size":18.184654235839845,"orthographic":false}