{"cameraMode":{"drawMode":0,"name":"Shaded","section":"Shading Mode"},"sceneLighting":true,"audioPlay":false,"sceneViewState":{"showFog":true,"showMaterialUpdate":false,"showSkybox":true,"showFlares":true,"showImageEffects":true,"showParticleSystems":true},"in2DMode":false,"pivot":{"x":36.46780014038086,"y":3.9732518196105959,"z":-21.947410583496095},"rotation":{"x":0.010007143020629883,"y":-0.4271414577960968,"z":-0.004732269793748856,"w":-0.9041171073913574},"size":2.302055835723877,"orthographic":false}