{"cameraMode":{"drawMode":0,"name":"Shaded","section":"Shading Mode"},"sceneLighting":true,"audioPlay":false,"sceneViewState":{"showFog":true,"showMaterialUpdate":false,"showSkybox":true,"showFlares":true,"showImageEffects":true,"showParticleSystems":true},"in2DMode":false,"pivot":{"x":-161.318603515625,"y":20.787994384765626,"z":646.770751953125},"rotation":{"x":-0.1362236738204956,"y":0.3183768689632416,"z":-0.04629304260015488,"w":-0.9369825720787048},"size":2740.266845703125,"orthographic":false}