{"cameraMode":{"drawMode":0,"name":"Shaded","section":"Shading Mode"},"sceneLighting":true,"audioPlay":false,"sceneViewState":{"showFog":true,"showMaterialUpdate":false,"showSkybox":true,"showFlares":true,"showImageEffects":true,"showParticleSystems":true},"in2DMode":false,"pivot":{"x":150.73745727539063,"y":0.9354287981987,"z":-34.795623779296878},"rotation":{"x":-0.41646865010261538,"y":0.003668682649731636,"z":-0.0016878501046448947,"w":-0.9091411232948303},"size":39.58989334106445,"orthographic":false}