{"cameraMode":{"drawMode":0,"name":"Shaded","section":"Shading Mode"},"sceneLighting":true,"audioPlay":false,"sceneViewState":{"showFog":true,"showMaterialUpdate":false,"showSkybox":true,"showFlares":true,"showImageEffects":true,"showParticleSystems":true},"in2DMode":false,"pivot":{"x":52.85531234741211,"y":-0.62685227394104,"z":-15.111194610595704},"rotation":{"x":-0.0817175805568695,"y":-0.4530503749847412,"z":0.04174462705850601,"w":-0.8867497444152832},"size":24.698545455932618,"orthographic":false}