{"cameraMode":{"drawMode":0,"name":"Shaded","section":"Shading Mode"},"sceneLighting":true,"audioPlay":false,"sceneViewState":{"showFog":true,"showMaterialUpdate":false,"showSkybox":true,"showFlares":true,"showImageEffects":true,"showParticleSystems":true},"in2DMode":false,"pivot":{"x":87.44156646728516,"y":-4.603353977203369,"z":9.344694137573243},"rotation":{"x":0.3121457099914551,"y":0.006902710068970919,"z":-0.0022626693826168777,"w":0.9500065445899963},"size":1070.14013671875,"orthographic":false}