{"cameraMode":{"drawMode":0,"name":"Shaded","section":"Shading Mode"},"sceneLighting":true,"audioPlay":false,"sceneViewState":{"showFog":true,"showMaterialUpdate":false,"showSkybox":true,"showFlares":true,"showImageEffects":true,"showParticleSystems":true},"in2DMode":false,"pivot":{"x":77.26937103271485,"y":19.780729293823243,"z":-4.5875420570373539},"rotation":{"x":-0.42169249057769778,"y":-0.5723080635070801,"z":0.43957844376564028,"w":-0.5490079522132874},"size":2.8578836917877199,"orthographic":false}