{"cameraMode":{"drawMode":0,"name":"Shaded","section":"Shading Mode"},"sceneLighting":true,"audioPlay":false,"sceneViewState":{"showFog":true,"showMaterialUpdate":false,"showSkybox":true,"showFlares":true,"showImageEffects":true,"showParticleSystems":true},"in2DMode":false,"pivot":{"x":27.393898010253908,"y":-33.24475860595703,"z":-38.487548828125},"rotation":{"x":0.11246737837791443,"y":-0.844364583492279,"z":0.19538640975952149,"w":0.48602861166000368},"size":88.13345336914063,"orthographic":false}