{"cameraMode":{"drawMode":0,"name":"Shaded","section":"Shading Mode"},"sceneLighting":true,"audioPlay":false,"sceneViewState":{"showFog":true,"showMaterialUpdate":false,"showSkybox":true,"showFlares":true,"showImageEffects":true,"showParticleSystems":true},"in2DMode":false,"pivot":{"x":43.41999816894531,"y":1.630000114440918,"z":-23.894893646240236},"rotation":{"x":-0.01761998049914837,"y":-0.8625831007957459,"z":0.03010326623916626,"w":-0.5047115683555603},"size":5.995853424072266,"orthographic":false}