{"cameraMode":{"drawMode":0,"name":"Shaded","section":"Shading Mode"},"sceneLighting":true,"audioPlay":false,"sceneViewState":{"showFog":true,"showMaterialUpdate":false,"showSkybox":true,"showFlares":true,"showImageEffects":true,"showParticleSystems":true},"in2DMode":false,"pivot":{"x":16.235309600830079,"y":2.613579750061035,"z":-25.17875862121582},"rotation":{"x":0.07351113110780716,"y":-0.5844722390174866,"z":0.05328802019357681,"w":0.8063179850578308},"size":4.79568338394165,"orthographic":false}