{"cameraMode":{"drawMode":0,"name":"Shaded","section":"Shading Mode"},"sceneLighting":true,"audioPlay":false,"sceneViewState":{"showFog":true,"showMaterialUpdate":false,"showSkybox":true,"showFlares":true,"showImageEffects":true,"showParticleSystems":true},"in2DMode":false,"pivot":{"x":32.15019226074219,"y":3.7855641841888429,"z":-16.86419105529785},"rotation":{"x":0.0261622853577137,"y":0.8401784300804138,"z":-0.04068504646420479,"w":0.5401486754417419},"size":5.695853233337402,"orthographic":false}