{"cameraMode":{"drawMode":0,"name":"Shaded","section":"Shading Mode"},"sceneLighting":true,"audioPlay":false,"sceneViewState":{"showFog":true,"showMaterialUpdate":false,"showSkybox":true,"showFlares":true,"showImageEffects":true,"showParticleSystems":true},"in2DMode":false,"pivot":{"x":86.9000015258789,"y":1.2000000476837159,"z":-32.79999923706055},"rotation":{"x":0.020132794976234437,"y":0.5897364616394043,"z":-0.01470297109335661,"w":0.8072109222412109},"size":23.334524154663087,"orthographic":false}