{"cameraMode":{"drawMode":0,"name":"Shaded","section":"Shading Mode"},"sceneLighting":true,"audioPlay":false,"sceneViewState":{"showFog":true,"showMaterialUpdate":false,"showSkybox":true,"showFlares":true,"showImageEffects":true,"showParticleSystems":true},"in2DMode":false,"pivot":{"x":36.481056213378909,"y":1.879687786102295,"z":-18.877944946289064},"rotation":{"x":-0.07552634924650192,"y":0.8085357546806336,"z":-0.10643262416124344,"w":-0.5737924575805664},"size":7.869314670562744,"orthographic":false}